title,id_text,link
Другая Роза,/2014/04/05/1003,https://proza.ru/2014/04/05/1003
второе письмо,/2015/04/18/686,https://proza.ru/2015/04/18/686
Только Дело,/2014/05/01/568,https://proza.ru/2014/05/01/568
Ежовые рукавицы,/2014/04/29/1795,https://proza.ru/2014/04/29/1795
Как сердцу высказать себя,/2014/05/02/722,https://proza.ru/2014/05/02/722
синяки на душе,/2014/05/04/741,https://proza.ru/2014/05/04/741
вторым классом,/2015/04/22/694,https://proza.ru/2015/04/22/694
удачная поездка,/2015/04/23/918,https://proza.ru/2015/04/23/918
середина лета 1898 года,/2015/04/25/1336,https://proza.ru/2015/04/25/1336
неловкие попытки,/2015/04/27/493,https://proza.ru/2015/04/27/493
беспокойные будни,/2015/04/29/543,https://proza.ru/2015/04/29/543
В день рождения,/2014/05/05/1493,https://proza.ru/2014/05/05/1493
Ах если бы ты всегда был таким,/2015/05/01/498,https://proza.ru/2015/05/01/498
начало 1899 года,/2015/05/02/590,https://proza.ru/2015/05/02/590
непрятный осадок,/2015/05/03/561,https://proza.ru/2015/05/03/561
1 мая 1899 года,/2014/05/03/843,https://proza.ru/2014/05/03/843
помощь друзей,/2015/05/03/1164,https://proza.ru/2015/05/03/1164
с папой,/2015/05/04/1826,https://proza.ru/2015/05/04/1826
нервы накалены,/2015/05/06/548,https://proza.ru/2015/05/06/548
сила слова и дела,/2015/05/08/651,https://proza.ru/2015/05/08/651
Здесь нет моей вины,/2015/05/08/635,https://proza.ru/2015/05/08/635
у польских горняков,/2015/05/08/628,https://proza.ru/2015/05/08/628
кризис,/2015/05/10/728,https://proza.ru/2015/05/10/728
я ошиблась,/2015/05/10/1312,https://proza.ru/2015/05/10/1312
хочу ли я,/2014/05/06/723,https://proza.ru/2014/05/06/723
ожидание,/2015/05/12/1379,https://proza.ru/2015/05/12/1379
Как мы нужны друг другу,/2014/05/07/640,https://proza.ru/2014/05/07/640
заслуженный успех и две смерти,/2015/05/13/446,https://proza.ru/2015/05/13/446
конец 1900 г,/2015/05/14/424,https://proza.ru/2015/05/14/424
1901 год,/2015/05/14/486,https://proza.ru/2015/05/14/486
1902 год,/2015/05/15/477,https://proza.ru/2015/05/15/477
1903 год,/2014/07/01/617,https://proza.ru/2014/07/01/617
первая половина 1904 года,/2015/05/20/643,https://proza.ru/2015/05/20/643
первые письма из саксонской тюрьмы,/2015/05/21/764,https://proza.ru/2015/05/21/764
письмо Луизе,/2015/05/22/590,https://proza.ru/2015/05/22/590
конец 1904 года,/2015/05/23/1475,https://proza.ru/2015/05/23/1475
Когда же ты приедешь,/2014/05/08/1008,https://proza.ru/2014/05/08/1008
проклятая политика,/2014/05/09/777,https://proza.ru/2014/05/09/777
"1905 год, с января по август",/2015/05/25/653,https://proza.ru/2015/05/25/653
сентябрь 1905 года,/2015/05/26/435,https://proza.ru/2015/05/26/435
А мы её повесим,/2015/05/26/1411,https://proza.ru/2015/05/26/1411
конец 1905 года,/2015/05/27/1002,https://proza.ru/2015/05/27/1002
январь - февраль 1906 г,/2015/05/28/997,https://proza.ru/2015/05/28/997
под вуалью,/2014/05/10/847,https://proza.ru/2014/05/10/847
Варшавская несвобода,/2015/05/30/628,https://proza.ru/2015/05/30/628
перемены,/2014/07/17/1227,https://proza.ru/2014/07/17/1227
признание,/2015/05/31/582,https://proza.ru/2015/05/31/582
"Костик, мой сынок",/2014/07/18/1107,https://proza.ru/2014/07/18/1107
целую тебя,/2015/05/31/854,https://proza.ru/2015/05/31/854
экзотика,/2014/07/20/590,https://proza.ru/2014/07/20/590
весна 1907 года,/2014/07/21/567,https://proza.ru/2014/07/21/567
письма из Лондона,/2014/04/01/633,https://proza.ru/2014/04/01/633
новые припятствия,/2014/07/23/483,https://proza.ru/2014/07/23/483
месяц в тюрьме,/2014/07/24/402,https://proza.ru/2014/07/24/402
материнские чувства,/2014/07/25/477,https://proza.ru/2014/07/25/477
неожиданное предложение,/2014/04/02/1756,https://proza.ru/2014/04/02/1756
конец 1907 года,/2014/07/27/1162,https://proza.ru/2014/07/27/1162
начало 1908 года,/2014/07/28/493,https://proza.ru/2014/07/28/493
любимое сокровище,/2014/05/15/905,https://proza.ru/2014/05/15/905
не морщи носик,/2014/07/29/664,https://proza.ru/2014/07/29/664
сердце щемило,/2014/05/16/754,https://proza.ru/2014/05/16/754
цветёт миндаль,/2014/07/30/847,https://proza.ru/2014/07/30/847
конец мая - начало июня 1908г.,/2014/07/31/731,https://proza.ru/2014/07/31/731
сердечная дружба,/2014/08/03/471,https://proza.ru/2014/08/03/471
"и так, с твоим сердечком не всё в порядке",/2014/05/21/1530,https://proza.ru/2014/05/21/1530
у Балтийского моря,/2014/08/01/525,https://proza.ru/2014/08/01/525
Сибирь и Варшава,/2014/08/02/789,https://proza.ru/2014/08/02/789
конец 1908г,/2014/08/04/631,https://proza.ru/2014/08/04/631
"и Лео Йогишес, как пример",/2014/05/26/681,https://proza.ru/2014/05/26/681
оставайся спокоен и весел,/2014/05/24/1684,https://proza.ru/2014/05/24/1684
не грусти,/2014/05/25/679,https://proza.ru/2014/05/25/679
Бог в помощь,/2014/05/28/953,https://proza.ru/2014/05/28/953
частично нет времени,/2014/05/29/614,https://proza.ru/2014/05/29/614
Кларе Цеткин от Розы Л,/2014/05/30/761,https://proza.ru/2014/05/30/761
к дню рождения Розы,/2014/05/31/518,https://proza.ru/2014/05/31/518
к дню рождения Кости,/2014/06/01/500,https://proza.ru/2014/06/01/500
апрель 1910,/2014/06/01/515,https://proza.ru/2014/06/01/515
Костя в своём элементе,/2014/06/02/557,https://proza.ru/2014/06/02/557
15. 05. 1910,/2014/06/03/566,https://proza.ru/2014/06/03/566
обычная история,/2015/06/05/1508,https://proza.ru/2015/06/05/1508
охота перемены места,/2014/06/04/1629,https://proza.ru/2014/06/04/1629
июнь 1910 года,/2015/06/06/702,https://proza.ru/2015/06/06/702
такая неприятность,/2014/06/07/453,https://proza.ru/2014/06/07/453
отдых в деревне,/2014/06/08/409,https://proza.ru/2014/06/08/409
только русские владеют романом,/2014/06/09/352,https://proza.ru/2014/06/09/352
немного политики,/2015/06/07/502,https://proza.ru/2015/06/07/502
"телеграфируй, я встречу",/2014/06/10/784,https://proza.ru/2014/06/10/784
письменные контакты,/2014/06/13/944,https://proza.ru/2014/06/13/944
поражение,/2014/06/14/937,https://proza.ru/2014/06/14/937
в пятницу после обеда,/2014/06/16/1809,https://proza.ru/2014/06/16/1809
А с вами так случалось?,/2014/06/19/1680,https://proza.ru/2014/06/19/1680
деловые будни,/2014/06/18/827,https://proza.ru/2014/06/18/827
конец октября 1910,/2014/06/20/608,https://proza.ru/2014/06/20/608
неполитическое поражение,/2014/06/21/1239,https://proza.ru/2014/06/21/1239
рюмочка шнапса,/2014/06/22/499,https://proza.ru/2014/06/22/499
на концерте,/2014/06/23/822,https://proza.ru/2014/06/23/822
о Льве Толстом,/2014/06/24/591,https://proza.ru/2014/06/24/591
поздней осенью в Берлине,/2014/06/26/1056,https://proza.ru/2014/06/26/1056
Мими,/2014/06/27/499,https://proza.ru/2014/06/27/499
23. 12. 1910,/2014/06/28/703,https://proza.ru/2014/06/28/703
заботы,/2014/06/29/581,https://proza.ru/2014/06/29/581
хорошенькое начало,/2014/06/30/701,https://proza.ru/2014/06/30/701
коротко о связи в 1911 году,/2014/07/02/761,https://proza.ru/2014/07/02/761
Ленин был четыре раза,/2014/04/22/1370,https://proza.ru/2014/04/22/1370
начало 1912 года,/2014/07/03/917,https://proza.ru/2014/07/03/917
нарасхват,/2014/07/04/753,https://proza.ru/2014/07/04/753
успех и его последствия,/2014/07/06/610,https://proza.ru/2014/07/06/610
отказ,/2014/07/07/676,https://proza.ru/2014/07/07/676
расхождения,/2014/07/08/732,https://proza.ru/2014/07/08/732
не совсем обычное воскресенье,/2014/07/09/494,https://proza.ru/2014/07/09/494
Бедный Хуго Фейс,/2014/07/10/812,https://proza.ru/2014/07/10/812
"И так, прощай",/2014/07/11/674,https://proza.ru/2014/07/11/674
допрыгалась,/2014/07/12/491,https://proza.ru/2014/07/12/491
1913 год,/2014/07/13/667,https://proza.ru/2014/07/13/667
последние мирные месяцы,/2014/07/15/727,https://proza.ru/2014/07/15/727
"Берлин, август 1914г",/2014/08/05/578,https://proza.ru/2014/08/05/578
сентябрь - октябрь 1914 года,/2014/08/07/962,https://proza.ru/2014/08/07/962
против войны,/2014/08/13/839,https://proza.ru/2014/08/13/839
письмо на фронт,/2014/08/08/805,https://proza.ru/2014/08/08/805
Пауль Леви,/2014/08/06/794,https://proza.ru/2014/08/06/794
как я себе противоречу,/2014/08/09/954,https://proza.ru/2014/08/09/954
так не кстати,/2014/08/10/485,https://proza.ru/2014/08/10/485
начало 1915 года,/2014/08/11/455,https://proza.ru/2014/08/11/455
конец февраля 1915 года,/2014/08/11/820,https://proza.ru/2014/08/11/820
весна в тюрьме,/2014/08/14/607,https://proza.ru/2014/08/14/607
последнее письмо,/2014/08/15/745,https://proza.ru/2014/08/15/745
тюремные будни,/2014/08/16/753,https://proza.ru/2014/08/16/753
май 1915 года,/2014/08/16/1720,https://proza.ru/2014/08/16/1720
от камеры к камере,/2014/08/16/1934,https://proza.ru/2014/08/16/1934
18. 09. 1915,/2014/08/18/1273,https://proza.ru/2014/08/18/1273
Матильда и Гертруд,/2014/08/23/645,https://proza.ru/2014/08/23/645
единственное утешение,/2014/08/24/961,https://proza.ru/2014/08/24/961
освобождение,/2014/08/25/602,https://proza.ru/2014/08/25/602
пара месяцев на свободе,/2014/08/29/1642,https://proza.ru/2014/08/29/1642
к дню рождения Клары,/2014/09/03/816,https://proza.ru/2014/09/03/816
Соне Либкнехт пeред арестом,/2014/09/06/779,https://proza.ru/2014/09/06/779
новые обстоятельства,/2014/09/07/671,https://proza.ru/2014/09/07/671
налаживание жизни в крепости,/2014/09/08/1276,https://proza.ru/2014/09/08/1276
поздней осенью 1916,/2014/09/09/631,https://proza.ru/2014/09/09/631
щедрый декабрь 1916 года,/2014/09/11/468,https://proza.ru/2014/09/11/468
тогда на Вы,/2014/09/12/498,https://proza.ru/2014/09/12/498
моя маленькая птичка,/2014/09/13/530,https://proza.ru/2014/09/13/530
придворный шут,/2014/09/13/521,https://proza.ru/2014/09/13/521
Розины январские заботы,/2014/09/14/1444,https://proza.ru/2014/09/14/1444
без кожи,/2014/09/19/776,https://proza.ru/2014/09/19/776
моя дорогая Тильда,/2014/09/20/495,https://proza.ru/2014/09/20/495
двойная клетка,/2014/09/22/604,https://proza.ru/2014/09/22/604
5 марта 1917 года,/2014/09/23/907,https://proza.ru/2014/09/23/907
8 марта 1917 года,/2014/09/24/426,https://proza.ru/2014/09/24/426
март и Матильда,/2014/09/26/639,https://proza.ru/2014/09/26/639
весенним днём на Южной,/2014/09/27/486,https://proza.ru/2014/09/27/486
Золотой дождь,/2014/09/28/873,https://proza.ru/2014/09/28/873
Хансу Дифенбаху 5 апреля 1917 г,/2014/04/06/794,https://proza.ru/2014/04/06/794
Кларе Цеткин 13 апреля 1917 года,/2014/04/13/1979,https://proza.ru/2014/04/13/1979
15 апреля 1917 г,/2014/10/05/637,https://proza.ru/2014/10/05/637
Соне Либкнехт,/2014/04/09/1602,https://proza.ru/2014/04/09/1602
конец апреля 1917,/2014/10/08/885,https://proza.ru/2014/10/08/885
"Я не человек, а...",/2014/10/12/682,https://proza.ru/2014/10/12/682
трудный май 1917 года,/2014/10/16/804,https://proza.ru/2014/10/16/804
Цици-бэ,/2014/10/19/2165,https://proza.ru/2014/10/19/2165
на Троицу,/2014/10/22/1036,https://proza.ru/2014/10/22/1036
в чём причина,/2014/10/23/592,https://proza.ru/2014/10/23/592
со мной этого не повторится,/2014/10/25/728,https://proza.ru/2014/10/25/728
Я опять здесь,/2014/10/23/1680,https://proza.ru/2014/10/23/1680
Чудесный сон,/2014/04/24/1767,https://proza.ru/2014/04/24/1767
Hypolais и облака,/2014/04/23/943,https://proza.ru/2014/04/23/943
удар,/2014/10/26/933,https://proza.ru/2014/10/26/933
Я не знаю другого средства..,/2014/10/27/1004,https://proza.ru/2014/10/27/1004
печальное известие,/2014/10/28/870,https://proza.ru/2014/10/28/870
27 августа 1917 года,/2014/10/29/714,https://proza.ru/2014/10/29/714
перед трагедией,/2014/11/05/710,https://proza.ru/2014/11/05/710
как оборванный аккорд,/2014/11/06/705,https://proza.ru/2014/11/06/705
надо жить,/2014/11/08/838,https://proza.ru/2014/11/08/838
печаль и надежда,/2014/11/08/2010,https://proza.ru/2014/11/08/2010
Дорогой Хельми,/2014/11/10/918,https://proza.ru/2014/11/10/918
19 декабря 1917 года,/2014/11/16/1044,https://proza.ru/2014/11/16/1044
январь 1918 года,/2014/11/20/1052,https://proza.ru/2014/11/20/1052
февраль - март 1918,/2014/11/22/1117,https://proza.ru/2014/11/22/1117
24 марта 1918 года,/2014/11/23/845,https://proza.ru/2014/11/23/845
"весна, лето, осень 1918 года",/2014/11/25/990,https://proza.ru/2014/11/25/990
конец 1918 года,/2014/11/27/584,https://proza.ru/2014/11/27/584
последнее письмо,/2014/11/27/839,https://proza.ru/2014/11/27/839
послесловие,/2014/11/28/947,https://proza.ru/2014/11/28/947
Ханс Дифенбах,/2014/04/06/985,https://proza.ru/2014/04/06/985
